CustomerID,Name,Age,Gender,Region ,Account Type,Income,Credit Score
1,Marlane,37,Female,Amsterdam,Savings,47164,578
2,Dorian,30,Female,Frankfurt,Savings,42035,733
3,Darby,38,Male,Los Angeles,Savings,12996,475
4,Maurizio,35,Male,Singapore,Savings,24634,541
5,Roxie,38,Female,Seoul,Savings,16932,636
6,Sherlock,36,Male,Rome,Savings,48755,514
7,Ardith,32,Female,Paris,Savings,34708,721
8,Elwin,40,Male,New York,Savings,47574,396
9,Bertrando,36,Male,London,Savings,21619,785
10,Gaby,45,Female,Mexico City,Savings,13317,492
11,Fernando,43,Male,Dubai,Savings,34694,411
12,Yard,43,Male,New York,Savings,17146,540
13,Rickie,45,Male,Addis Ababa,Savings,36763,799
14,Wenona,32,Female,Rome,Savings,25852,510
15,Frieda,33,Female,Singapore,Savings,22116,419
16,Merill,48,Male,Doha,Savings,10159,364
17,Daphne,37,Female,São Paulo,Savings,19537,696
18,Kial,30,Female,Dubai,Savings,47779,720
19,Jefferey,46,Male,Los Angeles,Savings,26673,507
20,Niccolo,42,Male,Toronto,Savings,18426,600
21,Trula,42,Female,Sydney,Savings,38542,548
22,Araldo,46,Male,Doha,Savings,13627,790
23,Graham,43,Male,Frankfurt,Savings,37473,597
24,Randi,39,Female,Bangkok,Savings,15865,527
25,Caresse,49,Female,Dubai,Savings,19380,577
26,Johnny,37,Male,Bangkok,Savings,33812,470
27,Octavius,48,Male,Seoul,Savings,26670,599
28,Nelle,44,Female,Los Angeles,Savings,49538,810
29,Kathryn,30,Female,Tokyo,Savings,47567,746
30,Xymenes,38,Male,Mexico City,Savings,21333,330
31,Fair,34,Male,Doha,Savings,37433,765
32,Uta,33,Female,Auckland,Savings,33275,472
33,Paton,31,Male,Madrid,Savings,17110,534
34,Merrel,46,Male,Seoul,Savings,49063,377
35,Caroline,50,Female,Auckland,Savings,34710,570
36,Cyndia,42,Female,Amsterdam,Savings,13135,676
37,Mathilda,47,Female,Frankfurt,Savings,42287,675
38,Jessee,42,Male,Tokyo,Savings,46640,560
39,Joey,36,Female,Delhi,Savings,26872,582
40,Sherri,39,Female,Seoul,Savings,17029,630
41,Amalita,38,Female,Singapore,Savings,48847,821
42,Caddric,37,Male,Dubai,Savings,17351,421
43,Burnard,39,Male,New York,Savings,12877,687
44,Eddi,35,Female,Hong Kong,Savings,23944,557
45,Rikki,47,Male,Copenhagen,Savings,15326,553
46,Alvira,33,Female,Singapore,Savings,34550,839
47,Amie,40,Female,Copenhagen,Savings,39322,670
48,Carlin,30,Male,Amsterdam,Savings,34740,799
49,Bryon,48,Male,Bangkok,Savings,31487,347
50,Sydney,47,Male,Amsterdam,Savings,40434,320
51,Weston,42,Male,Frankfurt,Savings,49635,662
52,Ivonne,45,Female,New York,Savings,35329,547
53,Thorvald,50,Male,New York,Savings,32235,487
54,Zaria,41,Female,Johannesburg,Savings,48506,631
55,Tallia,35,Female,Doha,Savings,27187,487
56,Fremont,45,Male,Bangkok,Savings,33432,503
57,Davine,39,Female,New York,Savings,18551,470
58,Berty,37,Male,Bogotá,Savings,39107,835
59,Vincent,40,Male,Doha,Savings,39664,313
60,Collie,38,Female,São Paulo,Savings,41533,753
61,Frants,34,Male,Addis Ababa,Savings,26317,310
62,Asa,39,Male,Delhi,Savings,32649,556
63,Nolan,30,Male,Toronto,Savings,23532,392
64,Bernetta,48,Female,Seoul,Savings,46263,728
65,Jacquelynn,34,Female,Copenhagen,Savings,13758,772
66,Fara,39,Female,Delhi,Savings,20187,674
67,Diann,39,Female,Los Angeles,Savings,31644,791
68,Vance,35,Male,São Paulo,Savings,28523,405
69,Gates,32,Female,Doha,Savings,15212,325
70,Perkin,34,Male,New York,Savings,49332,417
71,Jess,49,Male,Doha,Savings,41821,302
72,Rollo,46,Male,Singapore,Savings,46313,406
73,Charlie,32,Male,Bogotá,Savings,30610,726
74,Daniele,30,Female,Singapore,Savings,21451,819
75,Nolie,37,Female,Los Angeles,Savings,42761,845
76,Prince,50,Male,Mexico City,Savings,17729,753
77,Marcile,43,Female,Tokyo,Savings,35780,390
78,Honey,48,Female,Delhi,Savings,21862,388
79,Jeff,41,Male,Johannesburg,Savings,45811,380
80,Ced,31,Male,Tokyo,Savings,42352,712
81,Zaneta,40,Female,London,Savings,43540,717
82,Jessie,30,Female,Toronto,Savings,13139,647
83,Aurelea,30,Female,Doha,Savings,43976,559
84,Glynda,43,Female,São Paulo,Savings,35205,433
85,Vic,44,Male,Amsterdam,Savings,14338,654
86,Christabella,32,Female,Seoul,Savings,11314,668
87,Cece,37,Male,Singapore,Savings,27781,820
88,Yehudi,39,Male,Auckland,Savings,45766,652
89,Chester,30,Male,Johannesburg,Savings,46129,520
90,Frederique,46,Female,Dubai,Savings,38689,322
91,Verina,44,Female,Doha,Savings,28035,436
92,Willetta,39,Female,Delhi,Savings,36271,622
93,Shaun,33,Female,São Paulo,Savings,42822,357
94,Carita,30,Female,Copenhagen,Savings,33787,584
95,Mildred,37,Female,Auckland,Savings,29641,850
96,Giustino,49,Male,Delhi,Savings,31137,484
97,Antonie,30,Female,Bogotá,Savings,34767,781
98,Dee,31,Female,Addis Ababa,Savings,19415,600
99,Boyce,35,Male,Singapore,Savings,37878,593
100,Vinnie,40,Male,Delhi,Savings,20731,598
101,Egor,45,Male,Seoul,Savings,46110,447
102,Egbert,31,Male,São Paulo,Savings,21818,814
103,Genovera,46,Female,Hong Kong,Savings,39753,634
104,Amandi,47,Female,Sydney,Savings,28066,714
105,Eveline,40,Female,Bangkok,Savings,27246,760
106,Wheeler,31,Male,São Paulo,Savings,26755,533
107,Sonny,38,Female,Bogotá,Savings,31134,535
108,Payton,33,Male,Singapore,Savings,10829,503
109,Juana,37,Female,Rome,Savings,13470,368
110,Therese,31,Female,Copenhagen,Savings,26856,334
111,Omero,38,Male,London,Savings,16656,668
112,Bryn,38,Male,Frankfurt,Savings,26547,306
113,Corby,42,Male,Bogotá,Savings,17052,723
114,Alphonse,45,Male,Frankfurt,Savings,17056,663
115,Forrester,41,Male,New York,Savings,27582,737
116,Darius,48,Male,Los Angeles,Savings,33471,576
117,Kristoforo,31,Male,Amsterdam,Savings,21611,801
118,Agnella,41,Female,Seoul,Savings,31366,728
119,Joelynn,46,Female,London,Savings,15719,534
120,Rubi,40,Female,Seoul,Savings,20610,781
121,Artemas,46,Male,Auckland,Savings,24764,604
122,Pen,40,Male,Los Angeles,Savings,27799,364
123,Alano,31,Male,Seoul,Savings,31315,825
124,Fran,50,Male,Johannesburg,Savings,27832,332
125,Eolanda,46,Female,Bogotá,Savings,10690,414
126,Meghann,48,Female,Mexico City,Savings,41080,634
127,Jamaal,47,Male,Addis Ababa,Savings,34658,682
128,Carma,35,Female,New York,Savings,20103,678
129,Camila,41,Female,Seoul,Savings,31394,790
130,Alphonso,47,Male,Tokyo,Savings,34690,800
131,Prentiss,50,Male,Bogotá,Savings,36965,724
132,Donaugh,46,Male,Los Angeles,Savings,10842,661
133,Jefferey,43,Male,Seoul,Savings,13026,331
134,Parnell,39,Male,New York,Savings,39621,609
135,Philbert,41,Male,Copenhagen,Savings,37852,422
136,Fanchette,36,Female,Toronto,Savings,26463,599
137,Kay,42,Female,Auckland,Savings,25986,439
138,Mose,33,Male,Toronto,Savings,44402,360
139,Homerus,45,Male,Frankfurt,Savings,33981,500
140,Arney,47,Male,Bogotá,Savings,28611,678
141,Audrey,43,Female,New York,Savings,49914,663
142,Klarika,40,Female,Los Angeles,Savings,16860,386
143,Bing,46,Male,Addis Ababa,Savings,49385,747
144,Aundrea,49,Female,Delhi,Savings,42511,703
145,Agnella,33,Female,Bangkok,Savings,30755,388
146,Thedrick,41,Male,Doha,Savings,35578,373
147,Addie,30,Male,New York,Savings,17885,572
148,Marshal,31,Male,Johannesburg,Savings,32408,574
149,Rudie,45,Male,Bangkok,Savings,40265,597
150,Vikki,46,Female,Dubai,Savings,22107,333
151,Kevan,48,Male,Delhi,Savings,20762,697
152,Gunner,45,Male,Toronto,Savings,29602,609
153,Eachelle,42,Female,Singapore,Savings,33624,545
154,Imojean,47,Female,Bangkok,Savings,41475,312
155,Padgett,44,Male,Bogotá,Savings,44685,543
156,Harold,49,Male,Copenhagen,Savings,48167,791
157,Avrom,39,Male,London,Savings,13867,382
158,Reagen,34,Male,Rome,Savings,30072,680
159,Rosanne,49,Female,Toronto,Savings,34335,808
160,Cicily,42,Female,Hong Kong,Savings,34616,827
161,Kermie,33,Male,Singapore,Savings,34462,700
162,Estrella,42,Female,Paris,Savings,21172,759
163,Leonie,49,Female,New York,Savings,30174,319
164,Kendell,31,Male,Los Angeles,Savings,19335,757
165,Janeta,34,Female,Auckland,Savings,39881,416
166,Taite,32,Male,Copenhagen,Savings,31925,373
167,Lezlie,48,Female,Copenhagen,Savings,42281,699
168,Abrahan,41,Male,Los Angeles,Savings,33961,402
169,Norton,49,Male,Dubai,Savings,32535,672
170,Hazel,48,Male,Hong Kong,Savings,27659,491
171,Merci,33,Female,Hong Kong,Savings,43757,830
172,Christie,42,Female,Paris,Savings,26858,405
173,Elvina,47,Female,Bangkok,Savings,35242,403
174,Monroe,35,Male,Seoul,Savings,38269,347
175,Blakelee,35,Female,Dubai,Savings,40420,752
176,Dacy,37,Female,Doha,Savings,39360,847
177,Erhard,44,Male,London,Savings,39001,482
178,Lurline,48,Female,Doha,Savings,48237,601
179,Abbye,33,Female,Tokyo,Savings,35364,443
180,Ardis,32,Female,Copenhagen,Savings,22180,470
181,Wilburt,41,Male,Toronto,Savings,19225,333
182,Taber,30,Male,New York,Savings,31845,322
183,Lucio,40,Male,Bogotá,Savings,15245,442
184,Woodrow,36,Male,Paris,Savings,18044,719
185,Jasper,34,Male,Toronto,Savings,48424,486
186,Keith,42,Male,Mexico City,Savings,38102,628
187,Tracey,43,Female,Mexico City,Savings,49416,515
188,Maryl,46,Female,Tokyo,Savings,18658,419
189,Leyla,38,Female,Dubai,Savings,22009,746
190,Shawna,36,Female,Addis Ababa,Savings,43738,756
191,Jasper,40,Male,Auckland,Savings,33969,766
192,Gail,33,Female,London,Savings,21615,309
193,Kylen,49,Female,Dubai,Savings,42234,372
194,Marjie,41,Female,Bogotá,Savings,18662,443
195,Margalit,36,Female,Madrid,Savings,42760,357
196,Alexa,50,Female,London,Savings,27244,517
197,Norina,31,Female,Frankfurt,Savings,41307,765
198,Norry,49,Male,Paris,Savings,47858,801
199,Kayne,49,Male,New York,Savings,41618,327
200,Verene,30,Female,Paris,Savings,15373,516
201,Willis,44,Male,Los Angeles,Savings,17872,547
202,Amalee,32,Female,Singapore,Savings,30512,621
203,Reine,36,Female,Singapore,Savings,14446,843
204,Malynda,44,Female,Toronto,Savings,48733,449
205,Janette,34,Female,Copenhagen,Savings,32842,764
206,Bruce,39,Male,Doha,Savings,21852,514
207,Issi,47,Female,Los Angeles,Savings,48880,702
208,Regina,32,Female,New York,Savings,34356,436
209,Sandro,32,Male,New York,Savings,19439,748
210,Melamie,42,Female,London,Savings,36436,545
211,Dagmar,39,Female,Delhi,Savings,40171,449
212,Lauraine,44,Female,New York,Savings,22064,720
213,Iorgos,46,Male,Amsterdam,Savings,11343,823
214,Alfreda,47,Female,Frankfurt,Savings,19798,401
215,Bertie,45,Male,Doha,Savings,35114,712
216,Wyndham,47,Male,Amsterdam,Savings,19299,651
217,Hadrian,33,Male,Bangkok,Savings,36867,420
218,Rory,49,Female,Los Angeles,Savings,26466,344
219,Iago,31,Male,Frankfurt,Savings,32241,552
220,Brew,37,Male,Dubai,Savings,16754,477
221,Karalynn,40,Female,Amsterdam,Savings,17694,407
222,Germaine,33,Male,New York,Savings,25774,700
223,Hallie,49,Female,Madrid,Savings,15247,510
224,Kain,47,Male,Delhi,Savings,20591,563
225,Sibel,36,Female,Addis Ababa,Savings,34380,537
226,Gale,34,Male,Doha,Savings,13760,651
227,Hyman,33,Male,Delhi,Savings,36747,596
228,Christoph,30,Male,Los Angeles,Savings,15700,758
229,Christie,31,Male,Auckland,Savings,11048,422
230,Leela,32,Female,Singapore,Savings,33667,348
231,Jacquie,46,Female,Toronto,Savings,13226,569
232,Allene,37,Female,Sydney,Savings,40288,641
233,Afton,47,Female,Rome,Savings,31269,588
234,Kissiah,39,Female,Dubai,Savings,11988,449
235,Dewey,44,Male,Doha,Savings,34657,339
236,Caspar,47,Male,Toronto,Savings,27485,594
237,Talyah,41,Female,Auckland,Savings,25694,699
238,Gretchen,39,Female,Tokyo,Savings,48377,382
239,Meredithe,33,Female,Johannesburg,Savings,45030,345
240,Calli,31,Female,Singapore,Savings,42250,497
241,Raimundo,33,Male,Dubai,Savings,27303,355
242,Horacio,38,Male,Doha,Savings,33811,359
243,Rodrick,38,Male,New York,Savings,15566,349
244,Julian,50,Male,Los Angeles,Savings,18887,318
245,Sherri,38,Female,Los Angeles,Savings,17274,848
246,Jamie,45,Male,Delhi,Savings,12049,849
247,Freeman,32,Male,Rome,Savings,22667,332
248,Diane,40,Female,Toronto,Savings,46346,584
249,Paule,36,Female,Dubai,Savings,49822,644
250,Mitch,31,Male,Frankfurt,Savings,34122,654
251,Pearle,31,Female,Los Angeles,Savings,32895,513
252,Byrle,42,Male,Bogotá,Savings,14904,375
253,Theresita,31,Female,Mexico City,Savings,29664,428
254,Sherwood,48,Male,Hong Kong,Savings,10402,600
255,Meryl,45,Male,Delhi,Savings,14353,825
256,Damian,41,Male,Bogotá,Savings,11172,555
257,Dorise,32,Female,Copenhagen,Savings,15698,463
258,Nil,40,Male,Los Angeles,Savings,46637,449
259,Bartholomeo,38,Male,Amsterdam,Savings,48031,505
260,Terra,45,Female,Delhi,Savings,34704,699
261,Alford,37,Male,Frankfurt,Savings,17792,494
262,Loleta,44,Female,São Paulo,Savings,30630,493
263,Carin,49,Female,Tokyo,Savings,32025,314
264,Odelinda,45,Female,Copenhagen,Savings,49944,692
265,Dur,34,Male,Sydney,Savings,18566,687
266,Konstantin,48,Male,New York,Savings,12465,497
267,Hamlin,48,Male,New York,Savings,29675,746
268,Teirtza,47,Female,Copenhagen,Savings,45967,620
269,Abby,33,Female,Rome,Savings,11501,617
270,Hansiain,32,Male,Seoul,Savings,36944,809
271,Erhart,35,Male,Johannesburg,Savings,47546,740
272,Park,36,Male,Bangkok,Savings,14808,450
273,Shirl,31,Female,Sydney,Savings,28897,500
274,Aubrey,48,Female,Johannesburg,Savings,23374,837
275,Tori,43,Female,Auckland,Savings,26899,616
276,Vincenty,40,Male,Dubai,Savings,28690,358
277,Giacopo,37,Male,Auckland,Savings,22143,840
278,Lawton,48,Male,Toronto,Savings,33427,352
279,Fancy,50,Female,Auckland,Savings,10243,480
280,Rurik,47,Male,Rome,Savings,46445,669
281,Aguie,38,Male,New York,Savings,36365,761
282,Randall,35,Male,Tokyo,Savings,10812,533
283,Carlie,43,Male,London,Savings,34751,689
284,Lothaire,36,Male,Sydney,Savings,49049,313
285,Leora,50,Female,Seoul,Savings,26090,353
286,Corabelle,46,Female,Mexico City,Savings,23339,479
287,Aridatha,41,Female,Rome,Savings,14061,796
288,Marylynne,46,Female,Madrid,Savings,25617,720
289,Ford,44,Male,Paris,Savings,31487,605
290,Darci,31,Female,Hong Kong,Savings,28267,441
291,David,34,Male,New York,Savings,13099,647
292,Crissie,45,Female,Delhi,Savings,41972,362
293,Skyler,34,Male,Addis Ababa,Savings,34150,807
294,Christi,33,Female,Madrid,Savings,38330,527
295,Kimberlee,35,Female,Toronto,Savings,45591,824
296,Gabriel,48,Female,Amsterdam,Savings,22241,572
297,Axe,41,Male,Los Angeles,Savings,21713,716
298,Hilliard,32,Male,Los Angeles,Savings,38515,339
299,Valery,44,Female,Copenhagen,Savings,18887,622
300,Shawn,44,Male,Mexico City,Savings,10458,557
301,Merrilee,48,Female,Hong Kong,Savings,10854,718
302,Jorey,37,Female,Auckland,Savings,17978,714
303,Lacie,30,Female,Copenhagen,Savings,41586,689
304,Emmye,38,Female,Johannesburg,Savings,48308,448
305,Arden,42,Female,São Paulo,Savings,39192,538
306,Joshuah,42,Male,Amsterdam,Savings,34962,590
307,Tiffie,43,Female,Johannesburg,Savings,19370,506
308,Grace,40,Female,Paris,Savings,29421,762
309,Donnie,43,Male,Los Angeles,Savings,24716,370
310,Amargo,40,Female,Singapore,Savings,27567,514
311,Ebenezer,37,Male,New York,Savings,24798,496
312,Lewes,34,Male,Dubai,Savings,24173,715
313,Leelah,43,Female,Mexico City,Savings,30222,749
314,Caldwell,42,Male,Doha,Savings,19216,482
315,Hope,41,Female,Copenhagen,Savings,10752,387
316,Horacio,39,Male,Los Angeles,Savings,24593,493
317,Ertha,36,Female,Auckland,Savings,33556,687
318,Alphonse,41,Male,Madrid,Savings,11046,814
319,Flori,37,Female,Dubai,Savings,47677,713
320,Larine,30,Female,Addis Ababa,Savings,46717,488
321,Hugh,35,Male,Mexico City,Savings,26849,799
322,Travis,49,Male,Bogotá,Savings,42072,689
323,Yetta,32,Female,Paris,Savings,35795,465
324,Lorilee,37,Female,Seoul,Savings,38998,347
325,Creigh,45,Male,Dubai,Savings,29923,438
326,Gretal,38,Female,Frankfurt,Savings,19405,581
327,Paige,35,Male,Sydney,Savings,47450,729
328,Siegfried,35,Male,São Paulo,Savings,13306,469
329,Durand,39,Male,Tokyo,Savings,18736,537
330,Edik,49,Male,Seoul,Savings,42164,347
331,Rici,44,Female,Delhi,Savings,34614,698
332,Inge,48,Female,Bogotá,Savings,11487,495
333,Elsa,35,Female,Rome,Savings,14876,317
334,Jolee,35,Female,New York,Savings,20376,747
335,Filmore,47,Male,Dubai,Savings,42777,342
336,Hanny,41,Female,Frankfurt,Savings,40981,300
337,Hoebart,32,Male,Los Angeles,Savings,22901,456
338,Kristo,46,Male,Copenhagen,Savings,21730,715
339,Dottie,37,Female,Bogotá,Savings,14892,582
340,Stephi,44,Female,Frankfurt,Savings,21561,536
341,Rouvin,36,Male,Toronto,Savings,34745,742
342,Ertha,49,Female,Delhi,Savings,18804,559
343,Roseann,36,Female,Dubai,Savings,45672,724
344,Jordon,50,Male,Addis Ababa,Savings,45100,369
345,Selie,47,Female,Tokyo,Savings,11530,527
346,Melodee,40,Female,Delhi,Savings,46629,370
347,Franz,43,Male,Mexico City,Savings,16420,582
348,Cyndie,32,Female,Sydney,Savings,15676,839
349,Gaspard,41,Male,Amsterdam,Savings,16852,394
350,Nicol,31,Male,Delhi,Savings,21922,451
351,Georgie,49,Female,Tokyo,Savings,32435,466
352,Eunice,38,Female,Bogotá,Savings,25678,483
353,Cheri,43,Female,London,Savings,31427,312
354,Alden,32,Male,São Paulo,Savings,18631,311
355,Casar,48,Male,Bogotá,Savings,12075,751
356,Bevin,39,Male,Doha,Savings,24830,620
357,Brady,36,Male,Amsterdam,Savings,11981,568
358,Jenna,50,Female,Sydney,Savings,15748,799
359,Berne,37,Male,Rome,Savings,10757,553
360,Caril,32,Female,Sydney,Savings,48366,688
361,Westley,42,Male,Auckland,Savings,29012,629
362,Carlene,31,Female,São Paulo,Savings,23908,788
363,Jean,44,Male,Toronto,Savings,34763,593
364,Nap,47,Male,Sydney,Savings,39997,643
365,Guthry,33,Male,London,Savings,46019,670
366,Ewart,44,Male,Auckland,Savings,31619,483
367,Cornie,44,Male,London,Savings,38638,520
368,Carey,32,Female,Addis Ababa,Savings,27905,516
369,Abbey,44,Female,Tokyo,Savings,40326,642
370,Ciro,42,Male,Doha,Savings,33504,778
371,Gard,50,Male,Addis Ababa,Savings,28607,726
372,Lorin,39,Male,Delhi,Savings,27131,386
373,Selma,30,Female,Madrid,Savings,31067,778
374,Sunny,41,Male,Mexico City,Savings,10649,645
375,Drusilla,44,Female,Doha,Savings,34143,756
376,Jamie,31,Male,Doha,Savings,17427,689
377,Dev,32,Male,Toronto,Savings,16222,358
378,Darelle,40,Female,Bangkok,Savings,35907,628
379,Rosalia,37,Female,Dubai,Savings,37865,534
380,Osbourn,44,Male,Singapore,Savings,47098,406
381,Rachael,41,Female,Singapore,Savings,17231,461
382,Craig,44,Male,Doha,Savings,31568,313
383,Mick,38,Male,Bogotá,Savings,48170,395
384,Herrick,32,Male,Tokyo,Savings,13709,395
385,Derrick,43,Male,Los Angeles,Savings,21837,595
386,Aluino,48,Male,Mexico City,Savings,42725,846
387,Dewie,33,Male,London,Savings,46555,337
388,Jefferey,38,Male,Los Angeles,Savings,49749,510
389,Bern,36,Male,New York,Savings,40588,771
390,Jodee,35,Female,Madrid,Savings,45034,320
391,Valentino,35,Male,London,Savings,42126,666
392,Jonie,47,Female,Los Angeles,Savings,34199,635
393,Jannel,33,Female,Mexico City,Savings,39684,377
394,Reggis,44,Male,Sydney,Savings,30616,437
395,Odelle,36,Female,Frankfurt,Savings,35967,483
396,Hyacinthe,32,Female,Amsterdam,Savings,37009,833
397,Cornela,35,Female,Auckland,Savings,22969,474
398,Penny,50,Male,Bogotá,Savings,25996,633
399,Eddie,30,Male,Paris,Savings,16245,394
400,Ring,37,Male,London,Savings,44498,753
401,Patience,34,Female,Addis Ababa,Savings,10280,422
402,Ginger,38,Female,Hong Kong,Savings,35014,333
403,Vickie,32,Female,New York,Savings,17468,738
404,Corrianne,50,Female,Addis Ababa,Savings,22060,685
405,Ginelle,39,Female,Mexico City,Savings,10727,710
406,Reagen,33,Male,Bangkok,Savings,19631,445
407,Latia,32,Female,Delhi,Savings,32142,480
408,Bradney,39,Male,Frankfurt,Savings,14845,640
409,Ban,39,Male,Mexico City,Savings,14816,372
410,Benji,41,Male,São Paulo,Savings,17738,777
411,Joane,41,Female,New York,Savings,23231,795
412,Lenka,44,Female,Los Angeles,Savings,14088,693
413,Angelo,41,Male,New York,Savings,45200,542
414,Barnebas,46,Male,Addis Ababa,Savings,21177,308
415,Wilburt,30,Male,Toronto,Savings,18302,744
416,Fairlie,49,Male,Johannesburg,Savings,18995,387
417,Marlow,30,Male,Addis Ababa,Savings,11750,394
418,Corette,35,Female,Frankfurt,Savings,11978,833
419,Donaugh,33,Male,Singapore,Savings,30051,774
420,Franny,48,Male,Rome,Savings,19729,422
421,Grannie,48,Male,Addis Ababa,Savings,18855,405
422,Loleta,33,Female,New York,Savings,38596,570
423,Hester,48,Female,Toronto,Savings,48561,615
424,Cyndia,31,Female,New York,Savings,20607,696
425,Frannie,41,Male,New York,Savings,10992,612
426,Shalne,35,Female,Hong Kong,Savings,19123,473
427,Maximilian,35,Male,São Paulo,Savings,10051,334
428,Moss,38,Male,Seoul,Savings,48826,595
429,Luis,47,Male,Addis Ababa,Savings,20047,491
430,Stanislaw,42,Male,Amsterdam,Savings,41657,712
431,Clementius,45,Male,Rome,Savings,23599,365
432,Orland,50,Male,Paris,Savings,37522,747
433,Amelita,40,Female,Seoul,Savings,26062,847
434,Winfred,43,Male,Copenhagen,Savings,21487,713
435,Conan,42,Male,Los Angeles,Savings,18392,844
436,Decca,49,Male,Bangkok,Savings,30947,393
437,Egbert,40,Male,Los Angeles,Savings,37110,669
438,Andriana,37,Female,Delhi,Savings,42805,782
439,Cheston,37,Male,Toronto,Savings,21712,651
440,Jerome,44,Male,Frankfurt,Savings,26223,694
441,Fonzie,30,Male,New York,Savings,28311,355
442,Thurston,30,Male,Paris,Savings,43051,466
443,Reuben,49,Male,Dubai,Savings,47379,664
444,Christye,39,Female,Seoul,Savings,23725,826
445,Boonie,50,Male,Doha,Savings,19462,500
446,Christabella,42,Female,Copenhagen,Savings,35492,406
447,Cathee,39,Female,Auckland,Savings,42077,678
448,Ilise,47,Female,Madrid,Savings,29071,568
449,Modestia,30,Female,London,Savings,40013,442
450,Tawnya,34,Female,Seoul,Savings,48519,587
451,Hilly,31,Male,Seoul,Savings,28379,808
452,Malinde,46,Female,Los Angeles,Savings,27599,666
453,Nicolais,40,Male,Rome,Savings,14050,846
454,Shaine,45,Male,London,Savings,22726,373
455,Norris,48,Male,Delhi,Savings,23381,772
456,Wiatt,46,Male,Copenhagen,Savings,37191,824
457,Clarine,50,Female,Addis Ababa,Savings,21016,729
458,Jerri,46,Male,Auckland,Savings,36501,466
459,Felicio,42,Male,Delhi,Savings,39033,726
460,Christoph,47,Male,Doha,Savings,29799,548
461,Yoko,47,Female,Dubai,Savings,45395,334
462,Margot,48,Female,São Paulo,Savings,33772,328
463,Palm,47,Male,Addis Ababa,Savings,36716,846
464,Cleopatra,48,Female,Los Angeles,Savings,24486,441
465,Birgit,48,Female,Los Angeles,Savings,11102,579
466,Goddart,47,Male,Doha,Savings,14580,310
467,Bernard,41,Male,Madrid,Savings,22278,539
468,Vincenty,38,Male,New York,Savings,21728,544
469,Raphael,42,Male,Hong Kong,Savings,15042,818
470,Gwyn,41,Female,London,Savings,19085,345
471,Kalie,34,Female,Los Angeles,Savings,47183,804
472,Faina,31,Female,Toronto,Savings,12571,579
473,Monty,32,Male,Seoul,Savings,37752,330
474,Gisela,49,Female,São Paulo,Savings,24159,700
475,Tasia,45,Female,New York,Savings,40231,651
476,Chris,45,Female,Los Angeles,Savings,26996,445
477,Aurelea,40,Female,Rome,Savings,13799,528
478,Tyler,45,Male,Bogotá,Savings,45208,366
479,Lavinia,35,Female,Bangkok,Savings,17026,322
480,Tracee,30,Female,Addis Ababa,Savings,49954,847
481,Rob,49,Male,Johannesburg,Savings,37309,608
482,Vasili,34,Male,New York,Savings,30519,775
483,Allsun,31,Female,Tokyo,Savings,43771,746
484,Rance,31,Male,Rome,Savings,11747,508
485,Thurstan,45,Male,Delhi,Savings,37349,588
486,Brien,49,Male,Johannesburg,Savings,37526,552
487,Shannan,41,Male,Doha,Savings,42583,702
488,Broddie,37,Male,Paris,Savings,35298,530
489,Thedrick,30,Male,Addis Ababa,Savings,49161,595
490,Audi,30,Female,Singapore,Savings,15373,490
491,Cortie,42,Male,Addis Ababa,Savings,34641,445
492,Silas,34,Male,Mexico City,Savings,40908,524
493,Tabb,38,Male,Amsterdam,Savings,11523,731
494,Bryon,33,Male,Auckland,Savings,26095,815
495,Maris,48,Female,London,Savings,33908,827
496,Ambrosio,49,Male,Los Angeles,Savings,15421,434
497,Daffie,31,Female,Johannesburg,Savings,40192,817
498,Darin,40,Male,Doha,Savings,20550,370
499,Nevsa,37,Female,Amsterdam,Savings,18069,486
500,Ulla,45,Female,Delhi,Savings,13947,753
501,Edlin,30,Male,Frankfurt,Savings,30132,688
502,Fulvia,40,Female,Dubai,Savings,12311,360
503,Annadiane,44,Female,Seoul,Savings,14479,706
504,Thorpe,37,Male,Singapore,Savings,12255,805
505,Karia,39,Female,Amsterdam,Savings,25119,366
506,Fax,36,Male,Johannesburg,Savings,10128,386
507,Artair,34,Male,Amsterdam,Savings,25665,357
508,Portie,38,Male,Auckland,Savings,28150,674
509,Shaughn,31,Male,Bogotá,Savings,14832,592
510,Simone,40,Male,New York,Savings,22242,482
511,Jamesy,50,Male,Bogotá,Savings,13420,418
512,Callie,46,Female,Dubai,Savings,13909,303
513,Anna,36,Female,Dubai,Savings,16875,594
514,Joey,48,Female,Rome,Savings,45915,356
515,Koenraad,33,Male,Hong Kong,Savings,18818,380
516,Lorain,36,Female,Amsterdam,Savings,29537,484
517,Lorne,49,Male,Copenhagen,Savings,30197,460
518,Chas,42,Male,Amsterdam,Savings,21197,680
519,Aimee,47,Female,Toronto,Savings,43153,677
520,Brigham,31,Male,Tokyo,Savings,34210,803
521,Pierre,38,Male,Seoul,Savings,35214,762
522,Haydon,30,Male,Rome,Savings,21026,370
523,Gabriel,43,Female,Johannesburg,Savings,13006,665
524,Janith,44,Female,Seoul,Savings,41096,591
525,Dory,36,Male,London,Savings,18467,688
526,Orin,40,Male,Frankfurt,Savings,28988,461
527,Eadmund,34,Male,London,Savings,49219,844
528,Arel,31,Male,Toronto,Savings,27162,492
529,Vida,40,Female,Tokyo,Savings,32318,719
530,Tilly,44,Female,Paris,Savings,15774,348
531,Angelina,37,Female,Copenhagen,Savings,42938,441
532,Conrade,48,Male,Copenhagen,Savings,22949,395
533,Madelle,33,Female,Addis Ababa,Savings,11740,687
534,Ignaz,31,Male,Mexico City,Savings,43968,353
535,Toiboid,46,Male,Los Angeles,Savings,48545,709
536,Verne,36,Male,Addis Ababa,Savings,24153,381
537,Victoir,30,Male,New York,Savings,29205,525
538,Kristyn,37,Female,Mexico City,Savings,26915,394
539,Catarina,49,Female,Johannesburg,Savings,29785,329
540,Alida,50,Female,Paris,Savings,45868,672
541,Mathilde,46,Female,Rome,Savings,47963,473
542,Merill,39,Male,Rome,Savings,44234,538
543,Maridel,33,Female,Tokyo,Savings,11282,693
544,Flossie,43,Female,Frankfurt,Savings,36275,792
545,Sayers,49,Male,Auckland,Savings,30100,677
546,Marlowe,48,Male,Los Angeles,Savings,26958,821
547,Nyssa,31,Female,New York,Savings,38260,524
548,Vivyanne,33,Female,Frankfurt,Savings,43861,800
549,Sandor,34,Male,Doha,Savings,33870,826
550,Pablo,37,Male,Singapore,Savings,44823,803
551,Arman,30,Male,New York,Savings,42810,639
552,Madel,49,Female,Copenhagen,Savings,12094,394
553,Haven,38,Male,Frankfurt,Savings,45376,800
554,Cirilo,33,Male,New York,Savings,42972,778
555,Kimball,31,Male,Copenhagen,Savings,26616,692
556,Modesty,40,Female,London,Savings,23484,624
557,Giordano,49,Male,Addis Ababa,Savings,33382,722
558,Nate,48,Male,Bogotá,Savings,18216,833
559,Audra,39,Female,Rome,Savings,17694,722
560,Mayne,49,Male,Hong Kong,Savings,29745,726
561,Dodi,31,Female,Copenhagen,Savings,26617,473
562,Dorelia,38,Female,Auckland,Savings,31685,778
563,Garrick,45,Male,Tokyo,Savings,26640,502
564,Sisely,40,Female,Sydney,Savings,36077,666
565,Asher,33,Male,Frankfurt,Savings,15680,340
566,Terrell,47,Male,Singapore,Savings,26011,334
567,Valery,45,Female,Los Angeles,Savings,38945,460
568,Bron,49,Male,New York,Savings,49600,801
569,Amara,50,Female,Paris,Savings,36294,708
570,Onfroi,33,Male,Addis Ababa,Savings,16949,315
571,Tailor,38,Male,Mexico City,Savings,30572,695
572,Cchaddie,39,Male,New York,Savings,14105,485
573,Grant,46,Male,Copenhagen,Savings,41920,611
574,Rosalinde,30,Female,Copenhagen,Savings,22834,442
575,Fee,44,Male,Toronto,Savings,41360,312
576,Amble,33,Male,Copenhagen,Savings,37741,505
577,Eadith,43,Female,Copenhagen,Savings,15888,519
578,Granthem,50,Male,Los Angeles,Savings,27288,595
579,Noni,41,Female,Bangkok,Savings,14349,410
580,Sylvan,31,Male,Sydney,Savings,11692,401
581,Waldemar,49,Male,Frankfurt,Savings,41874,810
582,Jaynell,50,Female,Frankfurt,Savings,18724,410
583,Gare,34,Male,Toronto,Savings,42207,499
584,Clemmie,36,Female,London,Savings,16876,688
585,Derk,40,Male,Bogotá,Savings,31990,647
586,Benita,35,Female,Doha,Savings,34963,399
587,Gaye,32,Female,Frankfurt,Savings,44213,460
588,Nanete,43,Female,New York,Savings,37993,617
589,Brennen,31,Male,Bangkok,Savings,16264,799
590,Enos,33,Male,Sydney,Savings,38163,347
591,Shannan,34,Male,Tokyo,Savings,16320,774
592,Alejandro,44,Male,Frankfurt,Savings,16040,395
593,Rosie,32,Female,Hong Kong,Savings,37251,503
594,Tamera,49,Female,Paris,Savings,48724,487
595,Maddie,50,Female,Singapore,Savings,29163,304
596,Chic,40,Male,Bogotá,Savings,34353,734
597,Lester,39,Male,London,Savings,10001,359
598,Xymenes,42,Male,Auckland,Savings,11708,423
599,Ermin,42,Male,Singapore,Savings,46949,673
600,Carolann,34,Female,Bangkok,Savings,41836,435
601,Nonnah,36,Female,Tokyo,Savings,42887,438
602,Cassondra,44,Female,Madrid,Savings,30602,690
603,Lissie,47,Female,São Paulo,Savings,42493,483
604,Harrison,38,Male,Mexico City,Savings,30794,523
605,Carmelle,40,Female,Seoul,Savings,38286,302
606,Cass,42,Male,Mexico City,Savings,40850,534
607,Bennie,40,Male,Rome,Savings,24063,639
608,Ange,34,Male,São Paulo,Savings,49278,773
609,Jessalyn,37,Female,Mexico City,Savings,20003,772
610,Rhys,38,Male,Seoul,Savings,34958,581
611,Abagael,35,Female,Singapore,Savings,14939,719
612,Lyndsie,46,Female,Addis Ababa,Savings,25050,385
613,Bess,41,Female,New York,Savings,29547,413
614,Letisha,33,Female,Madrid,Savings,36535,548
615,Goldina,38,Female,Bogotá,Savings,21985,605
616,Luci,50,Female,New York,Savings,24861,411
617,Archibald,36,Male,Los Angeles,Savings,13477,668
618,Marney,37,Female,Sydney,Savings,14314,581
619,Carmel,44,Female,Delhi,Savings,28676,702
620,Dunn,40,Male,São Paulo,Savings,15026,334
621,Davin,41,Male,Delhi,Savings,16852,728
622,Averill,36,Male,Los Angeles,Savings,30483,447
623,Coleen,43,Female,Sydney,Savings,27030,401
624,Pamella,32,Female,Copenhagen,Savings,31106,715
625,Marvin,49,Male,São Paulo,Savings,29894,774
626,Svend,36,Male,Toronto,Savings,21573,439
627,Erastus,34,Male,Rome,Savings,32493,363
628,Debra,32,Female,Auckland,Savings,23732,614
629,Tirrell,34,Male,Auckland,Savings,20703,692
630,Jorgan,46,Male,Hong Kong,Savings,20198,802
631,Candace,32,Female,Paris,Savings,16062,846
632,Murdock,47,Male,London,Savings,27506,380
633,Beverley,49,Female,Addis Ababa,Savings,40298,356
634,Doreen,35,Female,Johannesburg,Savings,18655,785
635,Selinda,50,Female,Madrid,Savings,30405,675
636,Rouvin,43,Male,Amsterdam,Savings,33320,493
637,Chryste,45,Female,Tokyo,Savings,20820,374
638,Eleni,35,Female,Johannesburg,Savings,49821,761
639,Mel,38,Female,Doha,Savings,25380,363
640,Elfreda,41,Female,Sydney,Savings,41550,308
641,Pauli,38,Female,Amsterdam,Savings,46613,502
642,Basilio,40,Male,Doha,Savings,18501,319
643,Clyde,43,Male,Hong Kong,Savings,49847,775
644,Tine,30,Female,Mexico City,Savings,20389,663
645,Mariele,38,Female,London,Savings,26737,846
646,Enrika,41,Female,Los Angeles,Savings,19782,345
647,Sukey,33,Female,Addis Ababa,Savings,30302,546
648,Nataline,41,Female,Amsterdam,Savings,27979,617
649,Norris,43,Male,Bangkok,Savings,10717,552
650,Linn,33,Female,New York,Savings,45436,333
651,Theresa,32,Female,Los Angeles,Savings,27720,735
652,Timothea,34,Female,Seoul,Savings,42751,324
653,Shepperd,31,Male,Bangkok,Savings,29340,432
654,Fidel,38,Male,Seoul,Savings,11592,804
655,Corby,33,Male,Bogotá,Savings,27973,467
656,Maisey,31,Female,Frankfurt,Savings,41111,763
657,Alica,49,Female,Amsterdam,Savings,14101,606
658,Pincus,32,Male,Tokyo,Savings,27676,797
659,Hussein,43,Male,Johannesburg,Savings,37815,537
660,Melania,48,Female,Bangkok,Savings,42915,445
661,Otto,40,Male,Los Angeles,Savings,18382,443
662,Doro,37,Female,Tokyo,Savings,12245,834
663,Gerome,49,Male,Addis Ababa,Savings,30484,533
664,Charis,34,Female,Tokyo,Savings,41840,388
665,Blondy,35,Female,Auckland,Savings,44446,705
666,Emanuel,30,Male,Bogotá,Savings,22106,404
667,Zach,42,Male,Rome,Savings,38209,420
668,Siobhan,46,Female,Addis Ababa,Savings,11133,788
669,Domenic,42,Male,Los Angeles,Savings,41302,356
670,Elsy,35,Female,New York,Savings,31691,460
671,Zabrina,43,Female,Doha,Savings,26631,735
672,Gradeigh,40,Male,Rome,Savings,33042,748
673,Garrot,47,Male,Delhi,Savings,34594,822
674,Taddeo,39,Male,Delhi,Savings,43511,633
675,Marita,50,Female,Los Angeles,Savings,31456,607
676,Emelia,40,Female,Sydney,Savings,42488,395
677,Hulda,39,Female,Los Angeles,Savings,15772,725
678,Clemmie,45,Male,Delhi,Savings,30255,492
679,Drew,36,Male,New York,Savings,23644,657
680,Eolande,30,Female,Tokyo,Savings,20201,550
681,Judye,48,Female,Delhi,Savings,21545,687
682,Heywood,37,Male,Mexico City,Savings,27973,484
683,Derick,50,Male,Mexico City,Savings,36945,579
684,Prescott,50,Male,Doha,Savings,35218,355
685,Bee,42,Female,Delhi,Savings,46209,319
686,Aguie,34,Male,Mexico City,Savings,19945,367
687,Teena,48,Female,Copenhagen,Savings,34668,532
688,Haroun,41,Male,Madrid,Savings,35019,372
689,Cyril,41,Male,Bangkok,Savings,47512,802
690,Ferdinande,32,Female,São Paulo,Savings,21927,371
691,Filia,41,Female,Dubai,Savings,13034,437
692,Oswald,45,Male,Los Angeles,Savings,13674,796
693,Hewett,40,Male,Hong Kong,Savings,32222,367
694,Katheryn,32,Female,Los Angeles,Savings,11580,323
695,Siobhan,42,Female,Dubai,Savings,14484,496
696,Cozmo,39,Male,Toronto,Savings,12379,305
697,Gerome,37,Male,Toronto,Savings,27619,583
698,Mohandis,49,Male,Amsterdam,Savings,21936,375
699,Billie,44,Male,Addis Ababa,Savings,40982,836
700,Mason,43,Male,Tokyo,Savings,43547,834
701,Flo,31,Female,Bogotá,Savings,10863,560
702,Anny,40,Female,New York,Savings,45526,768
703,Ariella,43,Female,Paris,Savings,29832,478
704,Justina,47,Female,Dubai,Savings,10013,443
705,Brittni,36,Female,Bangkok,Savings,33968,654
706,Harbert,32,Male,Singapore,Savings,44183,490
707,Jameson,46,Male,Madrid,Savings,19349,552
708,Glynda,49,Female,Frankfurt,Savings,11114,373
709,Sumner,33,Male,Madrid,Savings,43104,728
710,Noemi,30,Female,Toronto,Savings,10580,592
711,Goddart,45,Male,New York,Savings,40357,669
712,Ado,37,Male,Amsterdam,Savings,42574,323
713,Ernie,43,Male,Seoul,Savings,29992,363
714,Fran,34,Female,Doha,Savings,29275,541
715,Derron,44,Male,Seoul,Savings,48278,812
716,Correy,39,Female,Seoul,Savings,26043,738
717,Lacey,35,Female,Tokyo,Savings,35757,740
718,Bryn,40,Male,Mexico City,Savings,46994,509
719,Hanni,32,Female,Copenhagen,Savings,10181,789
720,Elwyn,38,Male,Singapore,Savings,19022,485
721,Justis,32,Male,Toronto,Savings,22569,318
722,Broddy,32,Male,Dubai,Savings,38672,538
723,Sharron,47,Female,Sydney,Savings,45823,650
724,Benoit,30,Male,Johannesburg,Savings,33744,502
725,Sheila-kathryn,42,Female,Tokyo,Savings,20068,405
726,Deeann,32,Female,Seoul,Savings,38026,301
727,Darlleen,39,Female,New York,Savings,29315,331
728,Ravid,38,Male,Delhi,Savings,47359,633
729,Cally,43,Female,Los Angeles,Savings,19812,526
730,Uri,33,Male,Copenhagen,Savings,41604,483
731,Keeley,37,Female,Madrid,Savings,21197,700
732,Isaak,43,Male,Dubai,Savings,25016,428
733,Basil,45,Male,Auckland,Savings,38428,347
734,Ryun,36,Male,Doha,Savings,49618,772
735,Gabriello,41,Male,Mexico City,Savings,42006,440
736,Sibyl,41,Female,Bogotá,Savings,46314,498
737,Phaidra,49,Female,Mexico City,Savings,12871,775
738,Perla,35,Female,Hong Kong,Savings,38623,721
739,Anthony,42,Male,Tokyo,Savings,16724,497
740,Arte,39,Male,Amsterdam,Savings,35272,735
741,Alano,34,Male,São Paulo,Savings,28390,699
742,Marley,46,Female,Seoul,Savings,22085,622
743,Janeva,47,Female,Toronto,Savings,21023,604
744,Dale,46,Male,Addis Ababa,Savings,20968,544
745,Evelin,42,Male,New York,Savings,18945,324
746,Sibeal,39,Female,Bogotá,Savings,22126,839
747,Hermione,40,Female,Seoul,Savings,15966,691
748,Nichole,48,Male,New York,Savings,19930,665
749,Archie,48,Male,Seoul,Savings,27783,758
750,Josepha,42,Female,Hong Kong,Savings,11366,329
751,Roldan,47,Male,Madrid,Savings,25443,663
752,Inessa,44,Female,Bangkok,Savings,28097,633
753,Ethan,36,Male,New York,Savings,15747,464
754,Timmie,39,Male,Seoul,Savings,27569,522
755,Ashli,33,Female,Madrid,Savings,30246,811
756,Winifred,45,Female,Amsterdam,Savings,42087,314
757,Keelby,45,Male,Addis Ababa,Savings,21592,817
758,Elsey,47,Female,Bangkok,Savings,40375,582
759,Patric,32,Male,Los Angeles,Savings,10095,603
760,Rouvin,32,Male,New York,Savings,30850,823
761,Wes,35,Male,Copenhagen,Savings,28861,535
762,Pavlov,30,Male,Seoul,Savings,15118,707
763,Burr,35,Male,Frankfurt,Savings,33470,395
764,Abby,44,Female,Tokyo,Savings,39303,360
765,Claudie,49,Female,Frankfurt,Savings,10648,750
766,Noelani,32,Female,Delhi,Savings,18856,746
767,Camila,34,Female,Amsterdam,Savings,36904,357
768,Kissee,37,Female,New York,Savings,31049,677
769,Lotta,41,Female,Auckland,Savings,10966,515
770,Niles,47,Male,Dubai,Savings,36346,592
771,Claudia,43,Female,Doha,Savings,21432,516
772,Albertina,41,Female,Singapore,Savings,24808,645
773,Rasla,47,Female,Seoul,Savings,20136,598
774,Darb,30,Male,São Paulo,Savings,40927,640
775,Diana,31,Female,Dubai,Savings,45687,793
776,Milly,31,Female,London,Savings,17084,532
777,Daron,34,Female,Los Angeles,Savings,22738,748
778,Roger,42,Male,Bogotá,Savings,13565,675
779,Joni,43,Female,Rome,Savings,12502,332
780,Brock,46,Male,Bogotá,Savings,22378,718
781,Marlee,49,Female,Rome,Savings,42686,637
782,Lauree,31,Female,New York,Savings,44333,661
783,Padraic,43,Male,Frankfurt,Savings,27455,304
784,Bar,45,Male,Seoul,Savings,34184,396
785,Temp,43,Male,Toronto,Savings,29908,438
786,Emmeline,49,Female,Doha,Savings,48232,585
787,Viki,50,Female,Bangkok,Savings,12081,605
788,Candie,30,Female,Frankfurt,Savings,41747,507
789,Minne,30,Female,Sydney,Savings,32671,529
790,Aurelea,34,Female,Paris,Savings,27647,418
791,Rollin,36,Male,Rome,Savings,38922,443
792,Aloysius,43,Male,São Paulo,Savings,45022,313
793,Waverly,50,Male,Paris,Savings,31638,672
794,Miguel,43,Male,New York,Savings,10552,347
795,Alford,34,Male,Hong Kong,Savings,37191,602
796,Nichol,49,Female,Amsterdam,Savings,25812,369
797,Pearce,31,Male,Los Angeles,Savings,17227,784
798,Anselma,46,Female,Johannesburg,Savings,14800,718
799,Marcello,32,Male,Delhi,Savings,30945,304
800,Cherice,48,Female,Addis Ababa,Savings,10413,320
801,Crystie,32,Female,Tokyo,Savings,17980,529
802,Kristal,41,Female,Los Angeles,Savings,37674,495
803,Terencio,30,Male,Doha,Savings,15851,352
804,Jamison,47,Male,Rome,Savings,40823,456
805,Seamus,47,Male,Toronto,Savings,35866,394
806,Ray,44,Female,Seoul,Savings,15476,565
807,Holly,32,Male,Los Angeles,Savings,31048,672
808,Nealy,36,Male,Seoul,Savings,49348,603
809,Bridie,36,Female,Los Angeles,Savings,20665,827
810,Brianne,41,Female,London,Savings,17757,800
811,Caterina,48,Female,Seoul,Savings,48752,626
812,Tamma,48,Female,Seoul,Savings,49831,508
813,Winnah,33,Female,São Paulo,Savings,19909,498
814,Roxanne,40,Female,New York,Savings,47474,634
815,Nicola,37,Female,Bangkok,Savings,29396,597
816,Saxe,47,Male,Doha,Savings,40810,789
817,Arnuad,30,Male,London,Savings,15024,450
818,Aurelia,49,Female,Tokyo,Savings,32793,511
819,Lorraine,43,Female,Los Angeles,Savings,39775,738
820,Baillie,38,Male,Los Angeles,Savings,25847,381
821,Eberhard,48,Male,Los Angeles,Savings,33584,397
822,Sharron,39,Female,Hong Kong,Savings,43187,373
823,Kiel,43,Male,Hong Kong,Savings,34629,639
824,Viviyan,39,Female,Singapore,Savings,17812,647
825,Onfroi,33,Male,Bogotá,Savings,41397,801
826,Leesa,44,Female,Bogotá,Savings,40149,452
827,Padget,45,Male,Sydney,Savings,15417,398
828,Vinson,49,Male,Copenhagen,Savings,48931,352
829,Wells,48,Male,Sydney,Savings,40116,379
830,Neil,41,Male,Auckland,Savings,17462,814
831,Gabrila,38,Female,Paris,Savings,27948,726
832,Farrell,43,Male,São Paulo,Savings,22245,850
833,Felic,39,Male,London,Savings,13708,337
834,Charmine,31,Female,Addis Ababa,Savings,23716,680
835,Garland,45,Female,Auckland,Savings,46795,425
836,Ben,37,Male,Johannesburg,Savings,46180,736
837,Desdemona,41,Female,Toronto,Savings,10717,350
838,Jerrylee,44,Female,Doha,Savings,12566,678
839,Rosemaria,45,Female,Paris,Savings,28819,838
840,Christie,39,Female,Tokyo,Savings,15163,829
841,Gavrielle,39,Female,Frankfurt,Savings,12425,826
842,Ramona,49,Female,London,Savings,20496,434
843,Yasmeen,33,Female,Auckland,Savings,41264,512
844,Iggie,42,Male,Copenhagen,Savings,25652,471
845,Penrod,33,Male,Rome,Savings,19498,309
846,Angie,43,Female,Madrid,Savings,24384,605
847,Lora,36,Female,Rome,Savings,33535,779
848,Wolf,41,Male,Los Angeles,Savings,12526,411
849,Jeana,34,Female,Delhi,Savings,24594,515
850,Joye,47,Female,Dubai,Savings,10521,415
851,Zitella,31,Female,Paris,Savings,13753,549
852,Adriano,38,Male,Sydney,Savings,11479,762
853,Darwin,43,Male,London,Savings,33653,378
854,Donnell,35,Male,Paris,Savings,21299,439
855,Coleman,30,Male,Copenhagen,Savings,39868,454
856,Calhoun,43,Male,Delhi,Savings,38004,505
857,York,40,Male,London,Savings,28082,571
858,Gui,47,Female,Auckland,Savings,31302,829
859,Jeanette,47,Female,Los Angeles,Savings,35428,770
860,Daniel,30,Male,Auckland,Savings,31503,637
861,Curtis,36,Male,Madrid,Savings,26303,414
862,Troy,43,Male,New York,Savings,43071,399
863,Bron,35,Male,Amsterdam,Savings,32127,384
864,Milly,42,Female,Delhi,Savings,34806,732
865,Ragnar,39,Male,Mexico City,Savings,16320,647
866,Velma,46,Female,Los Angeles,Savings,15951,644
867,Anastassia,39,Female,Paris,Savings,25194,670
868,Hobie,39,Male,Auckland,Savings,43527,382
869,Maximilian,31,Male,Los Angeles,Savings,42900,734
870,Lutero,44,Male,Rome,Savings,48700,591
871,Aigneis,30,Female,Rome,Savings,14849,821
872,Mickey,35,Male,Los Angeles,Savings,32038,558
873,Anissa,46,Female,Madrid,Savings,28895,459
874,Case,35,Male,Copenhagen,Savings,18727,556
875,Neddy,44,Male,Delhi,Savings,12156,375
876,Joanie,47,Female,Frankfurt,Savings,29934,677
877,Merralee,34,Female,Dubai,Savings,45268,308
878,Teddy,50,Male,São Paulo,Savings,26896,838
879,Margarette,43,Female,Bogotá,Savings,40934,332
880,Nealson,33,Male,Delhi,Savings,19430,529
881,Hussein,30,Male,Paris,Savings,46357,641
882,Tracy,37,Female,Auckland,Savings,22635,643
883,Carlene,33,Female,London,Savings,10427,393
884,Venita,50,Female,Paris,Savings,26784,490
885,Boris,44,Male,Sydney,Savings,10497,506
886,Waverly,31,Male,Hong Kong,Savings,11302,499
887,Daron,50,Female,London,Savings,17054,846
888,Chelsea,37,Female,Tokyo,Savings,15779,822
889,L;urette,41,Female,Delhi,Savings,46577,691
890,Quintina,48,Female,Addis Ababa,Savings,45987,428
891,Mike,46,Male,Mexico City,Savings,41744,631
892,Vevay,45,Female,Seoul,Savings,49216,413
893,Ernestus,33,Male,Bogotá,Savings,29078,556
894,Glenden,40,Male,Toronto,Savings,20386,825
895,Josiah,37,Male,Dubai,Savings,36095,404
896,Hervey,50,Male,Auckland,Savings,24964,820
897,Nelson,42,Male,Seoul,Savings,28027,611
898,Johann,43,Male,São Paulo,Savings,35579,800
899,Lian,46,Female,Amsterdam,Savings,23309,707
900,Derry,37,Male,Bogotá,Savings,12507,607
901,Grenville,48,Male,Dubai,Savings,48483,683
902,Alvy,43,Male,Seoul,Savings,22700,632
903,Doug,31,Male,Seoul,Savings,32463,557
904,Simone,44,Female,Frankfurt,Savings,26779,454
905,Cletus,39,Male,Toronto,Savings,43222,605
906,Rochester,50,Male,Doha,Savings,27156,364
907,Oswell,35,Male,Tokyo,Savings,35552,666
908,Kacy,35,Female,Mexico City,Savings,38930,447
909,Anabel,48,Female,Addis Ababa,Savings,48239,695
910,Tamarra,43,Female,Singapore,Savings,26320,600
911,Hashim,50,Male,Copenhagen,Savings,15023,807
912,Reina,34,Female,Bogotá,Savings,38560,468
913,Malvina,38,Female,Tokyo,Savings,18230,539
914,Bertha,50,Female,Johannesburg,Savings,31174,539
915,Staffard,44,Male,New York,Savings,39205,641
916,Faber,41,Male,Bogotá,Savings,38944,352
917,Hewe,41,Male,Madrid,Savings,39053,768
918,Cariotta,38,Female,London,Savings,47663,675
919,Sol,30,Male,São Paulo,Savings,17578,345
920,Franky,45,Male,Doha,Savings,33334,489
921,Romain,41,Male,Rome,Savings,38179,354
922,Annalise,37,Female,Copenhagen,Savings,46040,833
923,Rikki,44,Male,Johannesburg,Savings,11291,338
924,Paddy,34,Male,Mexico City,Savings,20120,477
925,Hagan,36,Male,Madrid,Savings,43954,590
926,Lacee,50,Female,London,Savings,22022,737
927,Ferdie,34,Male,Singapore,Savings,48511,421
928,Bernita,31,Female,Singapore,Savings,20859,322
929,Denver,50,Male,Frankfurt,Savings,27812,307
930,Dugald,44,Male,Madrid,Savings,40643,802
931,Vannie,50,Female,Doha,Savings,36791,718
932,Bunny,40,Female,Bangkok,Savings,20224,322
933,Camilla,38,Female,Bogotá,Savings,29262,711
934,Brnaba,44,Male,Bogotá,Savings,20818,356
935,Gisele,32,Female,New York,Savings,24612,559
936,Simeon,48,Male,New York,Savings,31876,410
937,Aretha,46,Female,Frankfurt,Savings,39763,323
938,Eyde,37,Female,Seoul,Savings,31926,343
939,Esther,41,Female,Sydney,Savings,25469,311
940,Lynnell,40,Female,Bogotá,Savings,42391,701
941,Ash,31,Male,Dubai,Savings,29617,465
942,Eddi,33,Female,Seoul,Savings,30912,327
943,Aurelia,30,Female,New York,Savings,41395,477
944,Legra,49,Female,New York,Savings,45855,816
945,Orel,43,Female,Tokyo,Savings,19347,716
946,Shandeigh,46,Female,Johannesburg,Savings,20502,461
947,Haskel,33,Male,Copenhagen,Savings,12065,616
948,Kassi,31,Female,New York,Savings,17127,835
949,Ryun,33,Male,New York,Savings,34144,794
950,Flo,33,Female,Doha,Savings,46750,663
951,Avril,47,Female,Paris,Savings,44546,794
952,Timmi,43,Female,Addis Ababa,Savings,49573,558
953,Ruthi,44,Female,Los Angeles,Savings,12465,510
954,Port,46,Male,Delhi,Savings,26402,384
955,Con,34,Female,Dubai,Savings,47615,397
956,Giorgio,47,Male,Singapore,Savings,33289,819
957,Hettie,38,Female,Madrid,Savings,41259,506
958,Karlan,38,Male,Auckland,Savings,46899,479
959,Yolande,30,Female,Mexico City,Savings,12147,748
960,Berke,39,Male,Paris,Savings,26610,703
961,Siffre,38,Male,Frankfurt,Savings,35654,419
962,Janie,41,Female,New York,Savings,30905,691
963,Joline,44,Female,Frankfurt,Savings,26589,595
964,Mohammed,45,Male,London,Savings,29003,571
965,Bendite,38,Female,Seoul,Savings,41219,568
966,Inessa,49,Female,Bangkok,Savings,29299,639
967,Melly,47,Female,Auckland,Savings,22626,670
968,Nelly,34,Female,Seoul,Savings,14852,443
969,Viv,31,Female,Los Angeles,Savings,19973,555
970,Talbert,48,Male,Addis Ababa,Savings,27695,419
971,Henrieta,43,Female,Toronto,Savings,24741,705
972,Sella,32,Female,Copenhagen,Savings,35846,384
973,Ashbey,42,Male,Rome,Savings,14374,438
974,Rhea,46,Female,Mexico City,Savings,20187,565
975,Trixie,33,Female,Dubai,Savings,44751,410
976,Bryna,33,Female,Los Angeles,Savings,49780,784
977,Milton,50,Male,Los Angeles,Savings,38395,624
978,Amble,30,Male,London,Savings,29310,367
979,Gunilla,30,Female,Addis Ababa,Savings,27201,695
980,Rozina,49,Female,São Paulo,Savings,11555,705
981,Herbert,49,Male,Johannesburg,Savings,48122,590
982,Rori,38,Female,Doha,Savings,29373,314
983,Waylin,47,Male,Toronto,Savings,46015,582
984,Berti,42,Female,Bangkok,Savings,29035,835
985,Sanson,40,Male,Delhi,Savings,30354,558
986,Emmerich,34,Male,New York,Savings,43681,456
987,Ado,47,Male,London,Savings,31298,788
988,Titos,46,Male,Los Angeles,Savings,27560,427
989,Hank,50,Male,Mexico City,Savings,36062,619
990,Carter,33,Male,Sydney,Savings,40285,591
991,Tedra,32,Female,São Paulo,Savings,16631,735
992,Ronny,30,Male,Singapore,Savings,32832,736
993,Fitzgerald,44,Male,Doha,Savings,46783,332
994,Malissia,50,Female,Tokyo,Savings,19506,736
995,Roth,43,Male,Bangkok,Savings,20391,470
996,Giovanni,39,Male,Delhi,Savings,30948,508
997,Natal,37,Male,Addis Ababa,Savings,24804,769
998,Maxie,40,Female,New York,Savings,36052,636
999,Sherry,47,Female,Tokyo,Savings,43436,700
1000,Carlen,37,Female,Hong Kong,Savings,16394,503
